celebrityid,dbname
1861,"Miley Cyrus"
3081,"Justin Timberlake"
1534,"Demi Lovato"
4685,"Taylor Swift"
3436,Rihanna
1419,Beyonce
1731,"Justin Bieber"
4703,"Jennifer Lopez"
1387,"Ariana Grande"
2004,Shakira
4723,"Lady Gaga"
1737,"Katy Perry"
1574,Eminem
2470,Adele
9472,"Bruno Mars"
9740,"Nicki Minaj"
3825,"Chris Brown"
2785,Drake
3536,"Snoop Dogg"
3649,"Wiz Khalifa"
1448,"Britney Spears"
9642,"Lil Wayne"
1934,Pitbull
9064,"Kanye West"
10656,Maluma
10421,"David Guetta"
2501,"Alicia Keys"
9066,"Niall Horan"
1965,"Rita Ora"
12804,"Avril Lavigne"
4754,"Zayn Malik"
4741,"Harry Styles"
1576,"Enrique Iglesias"
3623,Usher
2932,"J Balvin"
4744,"Liam Payne"
11061,"Shawn Mendes"
1557,"Ed Sheeran"
4202,"Mariah Carey"
3555,"Steve Aoki"
3865,"Daddy Yankee"
12192,Akon
4686,"Louis Tomlinson"
3897,"Dj Khaled"
1897,"Nick Jonas"
1898,"Nicky Jam"
3385,"Prince Royce"
1815,Ludacris
1711,"Joe Jonas"
3029,"John Legend"
9034,Tyga
11808,"Cardi B"
1962,"Ricky Martin"
10735,"Camila Cabello"
11583,Anitta
2680,Ciara
11400,"Luis Fonsi"
9216,Halsey
9279,"Big Sean"
9632,"Dua Lipa"
12502,"A. R. Rahman"
11285,"Trey Songz"
9042,"Jay Z"
3382,"Pharrell Williams"
11494,"Shreya Ghoshal"
9247,"Sam Smith"
2814,"Ellie Goulding"
9113,"Kelly Rowland"
11661,"Luan Santana"
2601,"Blake Shelton"
3949,"French Montana"
2050,T.I.
10655,"Marc Anthony"
333,"Madison Beer"
2026,"Sonu Nigam"
1889,Ne-Yo
2925,"Iggy Azalea"
11425,"Gucci Mane"
1747,"Kelly Clarkson"
1702,"Jessie J"
1773,"Lana Del Rey"
1899,"Nicole Scherzinger"
9182,Fergie
3422,"Ricardo Arjona"
2473,"Adam Levine"
3527,Skrillex
2632,"Calvin Harris"
965,Will.i.am
1469,"Carrie Underwood"
11210,"2 Chainz"
1955,"Red Hot Chili Peppers"
9338,"Charli XCX"
2559,"Austin Mahone"
3940,"Flo Rida"
1581,Evanescence
10777,Fedez
1488,"Christina Aguilera"
10420,Tiesto
2644,"Carly Rae Jepsen"
1497,"Cody Simpson"
11041,Farruko
10502,Yandel
3233,"Martin Garrix"
3193,"Luke Bryan"
4748,"Gwen Stefani"
9234,"Travis Scott"
9978,"Rick Ross"
3585,"The Weeknd"
1802,"Little Mix"
11511,G-Dragon
1592,"Five Seconds Of Summer"
1808,Lorde
10901,"Alejandro Sanz Alesso"
11368,G-Eazy
9344,"Sabrina Carpenter"
1935,"Pixie Lott"
9045,"Tallia Storm"
10354,Diplo
1882,"Mary J. Blige"
3358,"Ozzy Osbourne"
1770,"Kylie Minogue"
505,"Queen Latifah"
11385,"Thalia Sodi"
9220,Future
1043,"Tyrese Gibson"
11406,Fabolous
10665,"Kendrick Lamar"
3065,Juanes
1490,Chayanne
9756,"Meek Mill"
438,Madonna
2569,"Bebe Rexha"
1907,"Olly Murs"
3984,"Ice Cube"
1910,Onerepublic
9070,"Post Malone"
2468,"A$AP Rocky"
1846,"Meghan Trainor"
746,"Pete Wentz"
3200,Macklemore
1498,Common
1411,"Becky G"
2021,Slipknot
9780,"Chance The Rapper"
12029,"Romeo Santos"
2131,"Troye Sivan"
4049,"Jessica Simpson"
10374,Kesha
3399,Psy
1479,"Charlie Puth"
3211,"Mandy Moore"
1717,"John Mayer"
11064,Zedd
9553,"Jade Thirlwall"
17322,Hardwell
11318,"Dr. Dre"
1399,"Avenged Sevenfold"
3304,"Miranda Lambert"
11627,"David Bisbal"
9807,"Jason Aldean"
11116,"Justine Skye"
1764,Korn
1577,"Eric Clapton"
3199,"Mac Miller"
1695,"Jennifer Hudson"
4695,"Ashlee Simpson"
4506,"Willow Smith"
11849,Nelly
11295,"The Game"
1025,"Bow Wow"
9462,"Tyler, The Creator"
1477,"Chanel West Coast"
10619,"J. Cole"
3363,"Pia Mia"
9582,"Nick Cannon"
2040,Sting
11652,"Machine Gun Kelly"
1687,"Jason Derulo"
4736,"Myleene Klass"
9961,"Young Jeezy"
1789,"Lenny Kravitz"
2609,"Brad Paisley"
1743,"Keith Urban"
1632,Ha*Ash
2116,Tinashe
9428,"Luke Hemmings"
3167,"Ll Cool J"
10667,"Lily Allen"
1511,"Daft Punk"
2110,"Thirty Seconds To Mars"
11858,"J Alvarez"
1925,"Paulina Rubio"
1436,"Blink 182"
9289,"Solange Knowles"
1670,"Iron Maiden"
3655,"Zara Larsson"
11214,"Kandi Burruss"
2539,"Anthony Kiedis"
12314,Khalid
1748,"Kelsea Ballerini"
1800,"Lionel Richie"
10652,"Paul McCartney"
9352,"Elton John"
3533,Slash
10772,Wisin
1031,"Adam Lambert"
10092,"Fat Joe"
1761,"Kings Of Leon"
3413,"Rascal Flatts"
9144,Cheryl
1539,Disturbed
2669,"Cher Lloyd"
3176,"Lindsey Stirling"
3290,Miguel
12012,"Alejandro Fernandez"
12031,"Tito El Bambino"
2113,"Tim Mcgraw"
2481,Afrojack
4237,"Mel B"
11969,"Michael Clifford"
12839,Quavo
11194,"Jhene Aiko"
10898,Residente
12001,T-Pain
3529,"Sofia Carson"
2946,"Janelle Monae"
3064,"Juan Luis Guerra"
1917,"Panic! At The Disco"
9400,"Mollie King"
9513,"Jessie James Decker"
3319,Nas
1791,"Leona Lewis"
2133,"Twenty One Pilots"
1584,"Fall Out Boy"
1972,"Robin Thicke"
2151,"Waka Flocka Flame"
1699,"Jermaine Dupri"
12557,"Keyshia Cole"
1949,"Thom Yorke"
9320,Sia
11451,"Sean Paul"
11228,"Ashton Irwin"
799,"Jon Bon Jovi"
11781,Taeyang
9404,Pink
11632,Brandy
11795,"Yo Gotti"
1771,"Lady Antebellum"
1762,Kiss
2752,Deadmau5
11234,"Nick Lachey"
12320,Normani
11254,"Vanessa White"
358,"Adrienne Bailon"
11461,"21 Savage"
9695,"Louisa Johnson"
3408,"Reba McEntire"
2015,"Simple Plan"
10736,"Lauren Jauregui"
12323,"De La Ghetto"
10601,"Lil Uzi Vert"
3974,"Hayley Williams"
9633,"Ella Eyre"
1865,Monica
1970,"Robbie Williams"
10226,"Jordan Fisher"
3102,"Kelly Osbourne"
11190,"Rochelle Humes"
4709,"Celine Dion"
4335,"Rachel Platten"
11663,"Zeze Di Camargo"
12030,Lucero
10897,"Carlos Vives"
10913,"Alice Cooper"
9238,"Alesha Dixon"
2947,"Janet Jackson"
10889,"Karol G"
1724,"Jordin Sparks"
2069,"The Eagles"
10593,"Kevin Gates"
1912,"Owl City"
1852,"Michael Buble"
11372,"Sean Kingston"
2561,"Backstreet Boys"
11239,Anne-Marie
9672,"Dolly Parton"
12720,Timati
1710,Jojo
1608,"Gavin Rossdale"
3637,Wale
12144,"Armin van Buuren"
12742,Marshmello
3574,"Tamar Braxton"
1782,"Leann Rimes"
9067,"Perrie Edwards"
11648,"R. Kelly"
3651,"Young Thug"
9624,"Dinah Jane Hansen"
639,"Jencarlos Canela"
11024,"Erika Jayne"
9269,"Alexandra Burke"
11665,Kehlani
9866,"Peter Andre"
9677,"James Blunt"
9690,"Rod Stewart"
2062,"The Chainsmokers"
1727,"Juicy J"
9262,"Leigh-Anne Pinnock"
11252,"Remy Ma"
11101,YG
11578,"Fetty Wap"
9637,"Cole Whittle"
10372,"TY Dolla $ign"
11508,"Andrea Bocelli"
10930,"Thomas Rhett"
1828,"Marilyn Manson"
2039,"Stevie Wonder"
2163,"Wyclef Jean"
9712,Bono
827,"Kevin Jonas"
9281,"Kenny Chesney"
1621,Gorillaz
10053,"Geri Halliwell"
1450,"Bruce Springsteen"
11502,"Missy Elliott"
3562,"Steven Tyler"
10029,Ashanti
11240,"Tove Lo"
2130,"Travis Barker"
10867,"Emeli Sande"
11787,"Don Benjamin"
10753,"Jesy Nelson"
10670,"Gloria Trevi"
11377,"Lola Ponce"
10115,"Paula Abdul"
9773,Desiigner
9412,"Normani Hamilton"
1593,"Fleetwood Mac"
11805,Jadakiss
10507,"Roselyn Sanchez"
12481,"Jacob Sartorius"
3189,Logic
9792,"Andrew Taggart"
10680,"Erykah Badu"
9947,"Joel Madden"
1627,"Green Day"
10238,"Sara Bareilles"
2007,"Shania Twain"
9924,"Chris Ivery"
10904,"Chiquis Rivera"
10196,"Bryan Adams"
3641,"Weird Al Yankovic"
11667,"Lil Yachty"
11155,"James Arthur"
11698,"Show Luo"
9928,"Dennis Graham"
2772,"Dierks Bentley"
10012,"Craig David"
2746,"David Foster"
2886,"Greyson Chance"
11582,"Manu Gavassi"
12405,"Olga Tanon"
11997,Stormzy
2167,"Zac Brown"
9103,"Lena Meyer-Landrut"
4738,"Benji Madden"
9342,"Dej Loaf"
11533,"Tom Fletcher"
1915,"Paloma Faith"
11880,"Marcus Butler"
12234,"Tory Lanez"
11253,"ASAP Ferg"
2125,"Tori Kelly"
11790,"K. Michelle"
2168,"Zac Brown Band"
2557,"August Alsina"
11435,Flea
1492,"Cl (Lee Chae-Rin)"
9474,Daya
2250,"Jack Johnson"
10432,"Alex Aiono"
12222,"Lea Salonga"
3707,"Alli Simpson"
11306,"Bill Kaulitz"
1775,"Laura Pausini"
10884,"Toni Braxton"
4714,"Courtney Love"
1858,"Mick Jagger"
3148,"Lauren Giraldo"
11364,Timbaland
1689,"Jay Chou"
3137,"Lance Bass"
2678,"Christina Perri"
9414,"Delta Goodrem"
9781,"Alessia Cara"
11027,"Paty Cantu"
9347,Eve
9406,"Tulisa Contostavlos"
11335,"Emma Marrone"
10760,"Tinie Tempah"
9248,"Ally Brooke"
2103,"The Vamps"
2119,"Tom Jones"
1945,"Professor Green"
1928,Pentatonix
3881,"Dave Navarro"
9811,"Phil Collins"
10600,"Lil' Kim"
3838,"Chrissy Costanza"
1849,"Metro Boomin"
3516,"Sebastian Ingrosso"
1796,Lifehouse
1378,Anastacia
3421,"Rev Run"
3324,Nervo
1427,"Brantley Gilbert"
2617,"Brett Eldredge"
10613,"Lady Leshurr"
946,"Romeo Miller"
1827,"Maren Morris"
10882,"Keith Richards"
9942,"Vanessa Paradis"
11737,"Gary Barlow"
10900,"Luis Coronel"
3256,Maxwell
1438,"Bob Dylan"
10787,Mario
12660,"Silvestre Dangond"
10756,Jovanotti
10868,"Yoko Ono"
11201,Cher
1406,"Barbra Streisand"
12255,"Chief Keef"
2172,"ZZ Top"
9823,Omarion
1597,Fonseca
11799,"Sarah Lombardi"
11416,"Julieta Venegas"
9543,"Diego Boneta"
10497,"Ray J"
2825,"Eric Church"
3659,"Ziggy Marley"
2128,Train
12547,Shaggy
1536,"Diana Ross"
10994,"Melanie Martinez"
11668,"Schoolboy Q"
9267,"Bea Miller"
9841,"Noel Gallagher"
9367,"Sean Stewart"
3667,"Ace Hood"
1463,"Chris Tomlin"
9457,"Swizz Beatz"
1829,"Mark Hoppus"
9261,"Dannii Minogue"
9210,"Melanie C"
12764,Birdman
1518,"Darius Rucker"
11229,"Carla Bruni"
12147,"Ross Lynch"
11371,"Louise Redknapp"
9217,"Chris Martin"
3159,"Lee Brice"
10271,"Matt Bellamy"
3506,"Sheryl Crow"
12080,J-Ax
10616,"Pusha T"
10033,Redfoo
10888,Reykon
1523,Daughtry
11654,"Jonas Blue"
2486,"Al Green"
2001,Seal
1370,"Alan Jackson"
12087,"Luciano Ligabue"
10965,"Joey Badass"
11492,"Anthony Padilla"
2845,"Fka Twigs"
9713,"JinJoo Lee"
11860,Ozuna
11081,"CeeLo Green"
10689,"Jake Miller"
9869,"Ronan Keating"
9596,"Fleur East"
12518,"MC Lyte"
10786,"Chloe Green"
10931,Kygo
10644,"Bryson Tiller"
12158,"Jake Owen"
10315,"Gene Simmons"
9620,"Donnie Wahlberg"
11384,"Chaka Khan"
3608,"Trombone Shorty"
11026,"Carlos Baute"
10503,"Eros Ramazzotti"
12965,Questlove
1859,Mika
10287,"Boy George"
10599,"Faith Evans"
10324,"Lupillo Rivera"
2563,"Barry Manilow"
1537,"Diggy Simmons"
12773,"Kate Nash"
10924,"Katherine Jenkins"
10442,"Ashley Roberts"
2066,"The Cranberries"
1566,"Faith Hill"
11695,D'banj
11979,"Kirk Franklin"
2683,"Chris Cornell"
9599,"Jess Glynne"
1957,"Rebecca Ferguson"
1880,"Nelly Furtado"
2846,"Florence Welch"
1718,"John Mellencamp"
1818,"Lupe Fiasco"
11477,"Espinoza Paz"
11084,"St. Vincent"
1003,"Randy Jackson"
11034,"Alvaro Soler"
11970,"Grace VanderWaal"
9504,"Ronnie Wood"
9751,"Sophie Ellis-Bextor"
1801,"Little Big Town"
10260,"Ryan Tedder"
11039,"Vanessa Mai"
10896,"Natalia Lafourcade"
12331,"Miguel Bose"
12220,Moby
10375,"Alanis Morissette"
3614,"Trisha Yearwood"
2087,"The Omg Girlz"
10429,"Nicola Roberts"
1580,Eurythmics
12268,Skepta
1959,"Rich Homie Quan"
12490,"Julien Bam"
11317,"Dave Matthews"
12654,"Vasco Rossi"
12758,"Vance Joy"
12243,"Kane Brown"
3373,"Pepe Aguilar"
1379,"Andra Day"
10030,"Ja Rule"
10788,Yuna
1841,"Matt Goss"
12058,TobyMac
1445,"Boyce Avenue"
1421,"Billie Joe Armstrong"
782,"David Archuleta"
1783,Lecrae
2094,"The Script"
10806,"Dan Smith"
2696,"Chris Young"
11565,"Jacob Whitesides"
11836,"Sevyn Streeter"
10063,"Norah Jones"
11336,"Kip Moore"
1499,"Conor Maynard"
11100,"Nipsey Hussle"
1585,"Far East Movement"
1384,"Anthony Hamilton"
10715,"Tommy Lee"
2126,"Trace Adkins"
10673,"Caleb Followill"
9580,Ice-T
12200,"Dustin Lynch"
11545,"Seu Jorge"
11770,"Victor Manuelle"
1909,"One Ok Rock"
11419,"Josh Dun"
1533,Deftones
9399,"Frankie Bridge"
12104,"Fantasia Barrino"
11977,"Rag'n'Bone Man"
11420,"Tyler Joseph"
1706,"Jill Scott"
11636,Melendi
12085,"Alex Gaskarth"
2041,"Stone Sour"
9654,"Laura Love"
12189,"Taylor Momsen"
1994,"Sam Hunt"
2058,"The All-American Rejects"
10247,"Matthew Healy"
12198,"Justin Moore"
11203,"Johnny Hallyday"
9696,"Emma Bunton"
11874,"LeToya Luckett"
12111,"Amy Lee"
11859,"Sebastian Yatra"
9350,"Marina Diamandis"
11328,"Mon Laferte"
1004,"Trevor Jackson"
11567,Passenger
1776,"Lauren Alaina"
12212,"Cole Swindell"
10071,"Patti LaBelle"
1746,"Kellie Pickler"
3602,"Tom Petty"
12617,"Billy Ray Cyrus"
3057,"Josh Groban"
12201,"AJ McLean"
1418,"Bette Midler"
1696,Jeremih
11273,"Neil Young"
1496,"Coco Jones"
12426,"Michelle Williams (Singer)"
2954,"James Bay"
10854,"Calum Scott"
11585,"Tiago Iorc"
12486,"Dave Gahan"
10703,"Tamela Mann"
12770,"Oliver Heldens"
3512,"Scotty Mccreery"
10990,MÃ˜
11616,"Joe Bonamassa"
2002,Seether
12753,"Wang Leehom"
3532,Soko
1753,"Kevin Olusola"
12228,"Talib Kweli"
12488,"Jannine Weigel"
3259,"Megan Nicole"
1402,B.O.B
3459,"Robertson Family"
11952,"Una Healy"
11687,"Mos Def"
2120,"Tom Morello"
1851,"Michael Bolton"
11521,"Harry Connick Jr."
12830,"Ted Nugent"
12288,"Yolanda Adams"
1830,"Mark Ronson"
2594,Birdy
1990,"Sammy Hagar"
10085,"Ringo Starr"
3191,"Luis Miguel"
2032,"Steely Dan"
1701,"Jessica Sanchez"
11154,"Jack Savoretti"
12543,"George Ezra"
9612,"Chloe Paige"
9877,"Martine McCutcheon"
12641,"Jazmine Sullivan"
1383,"Annie Lennox"
12642,"Alpha Blondy"
2860,"Garth Brooks"
9964,Babyface
11738,"William Michael Morgan"
11517,"Dougie Poynter"
9159,"Nick Carter"
11615,"Matt Terry"
1905,"Olivia Newton-John"
12838,"Corey Taylor"
11053,"Bobby Brown"
10579,"Nathan Sykes"
10800,"Brad Simpson"
12545,"A Boogie wit da Hoodie"
11143,"Tito Jackson"
2891,Haim
1936,"Playboi Carti"
1619,"Good Charlotte"
10551,Stromae
10696,"Christine D'Clario"
4475,"Todrick Hall"
1423,"Billy Currington"
11866,"Cyndi Lauper"
10929,"Tyler Hubbard"
1611,"George Michael"
11284,"Too Short"
1798,"Lil Jon"
2108,"Third Day"
1946,Queen
11617,"Dave Mustaine"
2865,"Gary Clark Jr."
3107,"Kenny Rogers"
11938,"Killer Mike"
10352,"Walshy Fire"
11055,"Richard Marx"
11957,"Michele Bravi"
9204,"Christopher French"
11346,"David Bustamante"
10963,"Tionne Watkins"
11734,"Keith Sweat"
1410,Beck
1860,"Mike Posner"
10633,"Roger Waters"
2708,"Colbie Caillat"
11040,"Florian Silbereisen"
3534,"Smokey Robinson"
12692,"Vic Mensa"
10371,"Action Bronson"
11584,Projota
3196,M.I.A.
10255,"Paloma Ford"
9222,"DJ Ruckus"
3062,"Josh Turner"
10649,"Michelle Heaton"
1509,Curren$Y
10890,"Snow Tha Product"
3380,"Peter Gabriel"
9922,"Master P"
12519,"Hank Williams Jr."
2829,"Eric Prydz"
1653,"Icona Pop"
1394,"Aston Merrygold"
1668,"Jacob Latimore"
1679,Jamiroquai
11493,"Lukas Forchhammer"
11746,"Duncan James"
2896,"Hans Zimmer"
1470,"Cassadee Pope"
2047,Supertramp
2104,"The Veronicas"
2136,"Two Door Cinema Club"
10928,"Brian Kelley"
12256,Jacquees
10799,"Connor Ball"
2035,"Steve Vai"
12082,"Chrisette Michele"
11270,"Maggie Lindemann"
1966,"Rita Wilson"
1832,"Martina Mcbride"
4753,"Winston Marshall"
11217,"Bob Geldof"
1755,"Kid Rock"
11467,Yoshiki
10839,"O.T. Genasis"
12277,Apl.de.Ap
1555,"Earth, Wind & Fire"
11559,"Bob Sinclar"
2577,"Ben Harper"
2121,"Tony Bennett"
3603,"Tom Waits"
11085,"Andy Grammer"
11162,"Eric Benet"
9242,"Natalie Imbruglia"
2591,"Billy Idol"
12117,"Charlie Daniels"
3474,"Sara Evans"
11688,Matisyahu
1639,Heart
11139,"Elle King"
10580,"Tyler Farr"
11146,"Regina Spektor"
11188,"Dani MartÃ­n"
1335,"Quincy Jones"
1931,Phoenix
2019,"Skylar Grey"
12718,Blackbear
11033,"Helene Fischer"
11117,"Jennifer Nettles"
12057,"Amy Macdonald"
11962,"Paola Turci"
12143,"Laidback Luke"
1964,"Riff Raff"
10947,"Rebecca Black"
12100,"Eric Nam"
12084,"Jack Barakat"
11489,"Scott Hoying"
12558,"Big Boi"
12240,"Chester Bennington"
1856,"Michael W. Smith"
10191,"Luciana Salazar"
12725,"Ella Chen"
11599,"Kirstin Maldonado"
10609,"Nile Rodgers"
10627,Estelle
11344,Flume
2937,"Jack White"
12322,"Justin Quiles"
3328,"Neil Diamond"
12546,"Young M.A"
2052,"Taio Cruz"
2051,Sugarland
11321,Ledisi
11624,"Andre Rieu"
2901,Hozier
12119,"Mike WiLL Made-It"
1692,"Jay Sean"
1540,"Dixie Chicks"
3517,"Serj Tankian"
2797,"Eddie Vedder"
12568,Edurne
11885,D.R.A.M.
10660,"Franco De Vita"
2544,"Aretha Franklin"
11486,"Lukas Rieger"
12432,"Brian May"
1563,"Eli Young Band"
3251,"Matthew Koma"
1657,"Imogen Heap"
10465,"Easton Corbin"
1838,"Matchbox Twenty"
2102,"The Used"
11731,"Billy Joel"
11828,Taboo
11355,"Kendji Girac"
1618,"Gloria Estefan"
3830,"Chris Janson"
12045,"Nikki Sixx"
12325,"Ivy Queen"
12674,"Carlos Rivera"
11510,"Frank Turner"
11552,"Saara Aalto"
1721,"Jon Batiste"
2893,"Hannah Bronfman"
11238,"DJ Mustard"
10973,"Aubrey O'Day"
1676,"James Taylor"
4483,"Tre Melvin"
1483,Chevelle
2118,Tlc
12685,"Cliff Richard"
12307,"Jimmy Page"
10803,"Jessica Mauboy"
1733,"Kacey Musgraves"
12103,"Charlie Wilson"
11714,"G Herbo"
4435,"Sophia Grace Brownlee"
12575,"John Newman"
12517,"Trina Braxton"
11564,"Anika Noni Rose"
1930,"Phillip Phillips"
11890,"Kay One"
1933,"Pia Toscano"
304,"Billie Piper"
12427,"Jelena Karleusa"
12250,"Mike Singer"
2092,"The Saturdays"
10927,"Chris Stapleton"
11713,"Lil Bibby"
2597,Bjork
3430,"Rick Springfield"
11464,"Lucas Cordalis"
12516,Raekwon
2889,Grimes
1349,"Tim DeLaGhetto"
10584,"Granger Smith"
10701,"Hillary Scott"
2726,"Danielle Bradbery"
1658,"India Arie"
11354,Jenifer
12249,"Julian Lennon"
4273,"Natalia Jimenez"
12026,Mya
1971,"Robin Schulz"
11562,"Beatrice Egli"
2165,"Yeah Yeah Yeahs"
1922,"Paul Stanley"
12418,"Louane Emera"
2042,Styx
4179,"Lil Dicky"
1848,"Method Man"
11140,Twista
11261,"Macy Gray"
10586,"Lindsay Ell"
10440,"Kelis Rogers"
12127,"Sway Calloway"
2616,"Bret Michaels"
11113,"Manuel Medrano"
10561,"Andrea Berg"
12468,"Manuel Carrasco"
3946,"Fred Durst"
12266,"Aaron Carter"
12161,"Fred Hammond"
1669,Jaheim
11789,"Daniel Skye"
10556,"Honey G"
950,RZA
12774,"Antonio Orozco"
11893,"Chad Smith"
11876,"Jon Bellion"
1961,"Reo Speedwagon"
9839,"Meat Loaf"
12281,"Elle Varner"
12729,"Duff McKagan"
1879,"Natasha Bedingfield"
11237,"Joe Perry"
1429,"Brooke Eden"
11542,"Sofia Reyes"
11965,"Brian McKnight"
870,"Devvon Terrell"
11111,"Iggy Pop"
2166,"You Me At Six"
11590,"Lauryn Hill"
1712,"Joe Walsh"
1466,"Capital Cities"
12805,Ginuwine
11656,"Fabio Rovazzi"
11898,Carnage
11587,"Richard Ashcroft"
10594,"Adam Clayton"
11959,Clementino
11761,"Israel Houghton"
10885,"Dave East"
1453,Bush
11961,"Fiorella Mannoia"
1417,"Beth Ditto"
12136,Giorgia
10010,"Axl Rose"
11800,"Gianna Nannini"
11609,"Brian Littrell"
11103,"Anderson Paak"
10321,"BC Jean"
4333,"Rachel Crow"
11722,Geegun
12555,"Eason Chan"
2068,"The Doobie Brothers"
11453,"Renato Zero"
11365,"Andrew Lloyd Webber"
12213,"Brett Young"
1722,"Jon Pardi"
1656,"Imelda May"
12608,"Busy Signal"
11434,"Kenny G"
2084,"The Moody Blues"
12247,"Travis Tritt"
10883,"Ro James"
2861,"Gary Allan"
12761,"Patrick Stump"
12368,"Patti Smith"
2000,"Sarah Mclachlan"
1655,"Il Divo"
12772,"Eddie Van Halen"
12081,"Musiq Soulchild"
2887,"Gustavo Dudamel"
10891,"Kany Garcia"
12165,"DJ Ashba"
11791,"Ella Henderson"
12807,"Matt Cardle"
11047,"Matt Shultz"
2056,"Tears For Fears"
11972,Enya
4372,Rotimi
1891,"New Kids On The Block"
12272,"Susan Boyle"
2941,"Jake Bugg"
3460,"Rodney Atkins"
10621,"Luke Steele"
10862,"Laura Mvula"
1606,"Gavin Degraw"
12780,"Arnel Pineda"
11345,"Tom Odell"
10447,"Orianthi Panagaris"
12138,"Safaree Samuels"
9853,"Camilla Kerslake"
12343,Severina
12449,"Michelle Visage"
1895,"Nick Cave"
13671,"Marvin Humes"
12083,"Lyfe Jennings"
10572,"Jonathan Davis"
10327,"Steven Van Zandt"
4303,"Papa Roach"
2652,"Cat Stevens"
10969,"Joey McIntyre"
1495,"Cobra Starship"
11109,"Kali Uchis"
1705,Jewel
377,"Joan Jett"
3575,"Tegan And Sara"
1944,Q-Tip
9597,"Lethal Bizzle"
11374,"Donny Osmond"
11356,"Christophe Mae"
11674,Salmo
1641,Hellyeah
3017,"Joe Nichols"
1686,"Jasmine Thompson"
11077,"Amanda Palmer"
12216,"Vince Staples"
2997,Jidenna
2742,"Dave Grohl"
12160,"Donnie McClurkin"
10903,"Mac DeMarco"
2843,"Fine Bros."
11163,"Lalah Hathaway"
11863,"Slick Rick"
10699,"Natalie Grant"
2013,Shontelle
12844,"Leroy Sanchez"
10148,"Vanilla Ice"
1544,Dnce
12257,"Sage The Gemini"
4308,"Paul Anka"
1816,"Luke James"
1546,"Don Henley"
2556,Banks
4211,"Mark Mcgrath"
9598,Foxes
2791,Duffy
2516,"Aloe Blacc"
10700,"Steven Curtis Chapman"
10961,"Jermaine Jackson"
12789,6LACK
1437,"Bloc Party"
10672,"Barry Gibb"
2527,"Anita Baker"
10607,"Tom Ogden"
1881,"Markus Schulz"
10293,"Tony Iommi"
10448,"Richie Sambora"
1484,Chicago
1855,"Michael Ray"
12298,"Sheila E."
11311,"Sam Bailey"
9263,"Sarah Harding"
11610,"Howie Dorough"
11471,"Wretch 32"
11614,"Siva Kaneswaran"
1404,"Bad Religion"
1665,"Jake Quickenden"
2014,"Sick Individuals"
1890,"Neon Trees"
12415,"John Lydon"
11186,"Havana Brown"
1660,Inxs
12810,"Jaz Dhami"
12859,"Marie Osmond"
11076,"Annie Mac"
11946,"Verdine White"
11233,"L.A. Reid"
1683,"Jamie Jones"
11216,"Shirley Manson"
1460,"Carly Pearce"
11378,"James Shaffer"
11771,"Kat DeLuna"
2554,Astro
16892,"Shannon Leto"
11723,"Joey Yung"
3528,"Sky Ferreira"
12167,"Warren G"
11043,"Brian Travers"
10899,"William Valdes"
12098,Cam'ron
9932,"Won-G Bruny"
1522,"Dashboard Confessional"
3041,"Jon Cozart"
12721,"Dizzee Rascal"
10874,"Francesco Renga"
3377,"Pete Yorn"
1440,"Bobby Shmurda"
10028,Gallant
1749,Kem
2852,"Frank Ocean"
10564,"David Garrett"
300,Tamia
2016,"Simply Red"
10528,"Jonny Drubel"
11327,"Pablo Lopez"
12868,"Sebastian Bach"
12410,LP
12636,"Samu Haber"
12339,"Horacio Palencia"
12767,"Luke Combs"
1502,"Corinne Bailey Rae"
1400,Awolnation
11123,"Charles Aznavour"
2162,"Willie Nelson"
12639,"Tash Sultana"
12091,Morrissey
10895,"Joy Huerta"
1921,"Paul Simon"
1675,"James Morrison"
12613,"Paolo Nutini"
1763,Kodaline
11675,"Mark Forster"
12068,"CeCe Winans"
10137,Pras
2959,"James Mercer"
11556,"Deborah Cox"
11300,"Kirk Hammett"
12214,Cam
1605,Garbage
2790,"Dwight Yoakam"
11418,"Samantha Jade"
11671,"Tom Parker"
1941,"Pretty Lights"
11220,"A. J. McLean"
1524,"David Crosby"
11650,RaeLynn
12287,"Ryan Leslie"
2109,"Third Eye Blind"
3379,"Peter Frampton"
12299,"Elvis Costello"
11518,"Stefanie Hertel"
12413,"Rebecca Ferguson (Singer)"
1969,"Rob Thomas"
10625,"Carlos Santana"
1998,"Sarah Brightman"
12195,"Chris Lane"
2621,"Bryan Ferry"
11042,"PJ Harvey"
10954,"Troy Gentry"
370,"Isabella Castillo"
12551,"Biffy Clyro"
11322,"Clay Walker"
1644,"Hey Violet"
12800,"Emmylou Harris"
11981,"Mark Owen"
12507,"Danny Brown"
2955,"James Blake"
2147,Vicetone
11332,"Rick Astley"
12625,"Tony Yayo"
11086,"Buddy Guy"
11998,"Cristian Castro"
2124,"Tori Amos"
12411,"Kimberly Schlapman"
11460,"Alison Wonderland"
12385,"Norman Cook"
10297,"La Toya Jackson"
1663,"Iron & Wine"
11338,"Kenny Lattimore"
11864,"Flying Lotus"
11036,"Andreas Gabalier"
11905,"Van Morrison"
1382,"Angels And Airwaves"
9594,"Melanie Blatt"
1809,"Loretta Lynn"
4460,"The Tenderloins"
12722,"Pakho Chau"
9503,"Johnny McDaid"
1373,"Alison Krauss & Union Station"
11176,"KT Tunstall"
1788,"Lennon & Maisy Stella"
11618,"Andrew McMahon"
12827,"Noel Torres"
11892,"Lucy Spraggan"
3072,"Julian Casablancas"
1506,"Crosby Stills & Nash"
11990,"Paul Weller"
1468,"Carole King"
3634,"Vince Gill"
12508,"Emma Blackery"
10040,"Shameik Moore"
1810,"Lost Frequencies"
12794,"Angelique Kidjo"
11725,"Sammi Cheng"
11640,"Joss Favela"
11096,"DJ Otzi"
11911,"Kim Gloss"
1366,"Aaron Lewis"
12060,"Dallas Green"
704,"David Cook"
12525,"Angel Olsen"
12148,"Vanesa Martin"
11758,"Lang Lang"
12539,"Chuck D"
12841,"Julian Perretta"
1559,"Ednita Nazario"
3271,"Melissa Etheridge"
10615,Borns
10603,"Biz Markie"
11942,Elodie
12128,"Christopher Martin"
2127,"Tracy Chapman"
2612,"Brandon Flowers"
2099,"The Stone Roses"
12106,"Herbie Hancock"
2800,"Edward Sharpe Edward Sharpe and the Magnetic Zeros"
1950,"Randy Travis"
11048,"Azealia Banks"
1863,"Mindless Behavior"
3059,"Josh Kelley"
12135,"Howard Donald"
1766,Kraftwerk
12197,"Jerrod Niemann"
1884,Needtobreathe
10838,"Piero Pelu"
11410,"Billy Ocean"
324,"Chrissie Hynde"
12079,"Maite Kelly"
10676,"Gregory Porter"
12576,"Roger Daltrey"
12113,"Belinda Carlisle"
11528,"Billy Gibbons"
12579,"Shane Filan"
13827,"Carrie Hope Fletcher"
11038,"Juergen Drews"
1489,"Christine And The Queens"
1556,Echosmith
3022,"Joey Fatone"
12694,"Franco Battiato"
11649,"Ronnie Dunn"
1517,Dappy
1452,"Bullet For My Valentine"
1803,Lizzo
1666,"Jackson Browne"
1667,"Jackson Guthy"
11657,"Lita Ford"
3125,Kimbra
11352,"Peter Maffay"
1372,"Alison Krauss"
12123,"DJ Jazzy Jeff"
12441,"Joe (Singer)"
1374,"Amy Grant"
3280,"Michael Mcdonald"
12563,"Will Young"
1425,"Brandon Heath"
12196,"Craig Campbell"
12553,"Mike Love"
12239,"Adel Tawil"
1780,Lawson
11299,"Robert Trujillo"
661,"Chris Daughtry"
12151,Margaret
12155,"Colton Dixon"
12815,"J. Tillman"
1792,"Leslie Grace"
11682,B-Real
2038,"Stevie Nicks"
12356,"Sean Lennon"
11135,"Brian Wilson"
12467,"Britt Nicole"
12487,"Martin Gore"
11712,Dreezy
3236,"The Martinez Brothers"
1963,"Rico Love"
12592,"Zucchero Fornaciari"
1481,"Cheap Trick"
4242,"Merrell Twins"
11572,"Ludovico Einaudi"
3757,Aurora
12078,"Chase Bryant"
12644,"Rosario Flores"
10438,"Shay Mooney"
1693,"Jeff Beck"
11976,"Francesco Gabbani"
12615,"Nino D'Angelo"
12730,"Ace Frehley"
1682,"Jamie Cullum"
9876,"Jay McGuiness"
12409,Miyavi
11601,"Bugzy Malone"
12269,"David A. Stewart"
10332,"Daniel DiCriscio"
1715,"John Fogerty"
12673,"Ennio Morricone"
11939,Coolio
11956,"Sergio Sylvestre"
2836,"Esperanza Spalding"
12038,"Drake White"
12771,"Clay Aiken"
10299,"Grace Jones"
12337,"Erika Ender"
1790,"Leon Bridges"
1951,"Raphael Saadiq"
11967,"Dee Snider"
12105,"Smokie Norful"
2169,"ZZ Ward"
12109,SilentÃ³
11954,"Mannie Fresh"
12271,Kiiara
10695,"Lauren Daigle"
3198,"Mac Lethal"
12823,"Betty Who"
21980,"Ana Isabelle"
12499,"Billy Bragg"
1413,"Ben Haenow"
12258,"Max GazzÃ¨"
10694,"Danny Gokey"
2645,"Carly Simon"
11546,"David Gray"
12075,"Johnny Gill"
11810,"Kenny Loggins"
1515,"Damon Albarn"
2885,"Gregg Allman"
12121,"Kimberly Wyatt"
12524,"Lindsey Buckingham"
4519,"Huey Lewis"
1967,Rixton
10439,"Dan Smyers"
10926,"Jacob Hoggard"
2767,"Diana Krall"
2533,"Andre 3000 Benjamin"
3376,"Pete Tong"
12169,K.Flay
12318,"Brandon Boyd"
1864,Mkto
1516,"Dan   Shay"
10478,"Kamasi Washington"
1888,"Randy Owen"
10785,"Vas J Morgan"
1568,"Eliza Doolittle"
1443,"Bonnie Raitt"
12498,"Tim Bendzko"
12797,"Yngwie Malmsteen"
2036,"Steve Winwood"
12352,"Scott Storch"
2074,"The J. Geils Band"
2018,Skream
10842,"Robert Smith"
10192,"Alice Chater"
12479,"Frankie Valli"
2117,Tink
11166,Kano
12177,"Little Richard"
11063,"Reeve Carney"
1938,"Portugal. The Man"
1626,Gramatik
714,"Reggie Watts"
9150,"Erica Packer"
1368,"Aaron Watson"
12110,"Taylor Dayne"
12265,"Kenny Wayne Shepherd"
11861,"Zabdiel de Jesus"
10911,"Gaby Moreno"
12350,"Myles Kennedy"
11094,"Jean-Michel Jarre"
3652,"Wynonna Judd"
12734,"Kim Wilde"
12819,"Layzie Bone"
11678,"Glen Hansard"
12334,"Felix Jaehn"
12039,"Seasick Steve"
2025,"Sonny Digital"
1616,"Gladys Knight"
11941,"Fabrizio Moro"
11819,"Margo Price"
2100,"The Summer Set"
10686,"Michael Kiwanuka"
1794,"Lianne La Havas"
11639,"Rufus Wainwright"
9490,Edei
1474,"Catfish And The Bottlemen"
11645,"Jackie Evancho"
10647,"Johnny Mathis"
1550,"Dub Fx"
10791,"Meg Mathews"
3122,Kiesza
2520,"Amos Lee"
11641,"Yvonne Catterfeld"
12560,"Eric Paslay"
11090,"Charlie Simpson"
1822,"Mali Music"
10239,"Watkin Tudor Jones"
11680,"Brian McFadden"
2660,"Chester See"
12765,"Diana Vickers"
10628,"Siedah Garrett"
12749,"Wincent Weiss"
11865,"Warren Haynes"
1633,"Haley Reinhart"
276,"Lisa Marie Presley"
11783,"Neil Sedaka"
1853,"Michael Franti"
11803,"Ricki-Lee Coulter"
12236,"Terri Clark"
10651,"Aaron Bruno"
11776,"ChantÃ© Moore"
2743,"David Byrne"
1482,"Cheat Codes"
12795,"Anna Netrebko"
4431,"Smashing Pumpkins"
11020,"Josh Franceschi"
11575,"Denzel Curry"
12231,"Michelle Branch"
12129,Sampha
12708,"AJ Tracey"
11390,Psaiko.Dino
11089,"Nico Sereba"
12809,"Beres Hammond"
10602,"Carl Thomas"
2086,"The Offspring"
1590,"Fiona Apple"
11491,"Max Giesinger"
11577,"Janet Devlin"
2027,"Spandau Ballet"
12665,Maino
11940,"Giusy Ferreri"
10011,"Angus Young"
1614,"Gipsy Kings"
1601,"Frankie J"
11973,"Nicky Byrne"
10558,"Georgia Nott"
12717,"Sarah Blackwood"
1779,"Lauren Platt"
10342,"Nina Hagen"
3157,"Lee Ann Womack"
11812,"Simone Simons"
1999,Saywecanfly
11512,"Donovan Leitch"
1526,"David Nail"
2008,Sharam
11895,"BJ the Chicago Kid"
12743,"Nicolas Jaar"
12176,"Johnny Lozada"
12677,"Youssou N'Dour"
11501,"Katie Melua"
1579,"Ester Dean"
12430,"Marcus Miller"
11057,"Renee Fleming"
11424,"Jimmy Barnes"
1937,"Pop Evil"
11557,"Pete Doherty"
2137,"Uncle Kracker"
10353,Jillionaire
1874,"My Morning Jacket"
11831,"Bob Weir"
12829,"Riker Lynch"
10062,"Jeff Lynne"
11937,El-P
1442,"Bonnie Mckee"
11985,"Emilio Estefan"
12194,"Frankie Ballard"
11841,"Julian Smith"
12476,"Joe Jackson"
9911,"Liz McClarnon"
3043,"Judith Hill"
11958,"Bianca Atzei"
11178,"Al Jarreau"
12126,"Madysyn Rose"
12478,"Ian Gillan"
9820,"Jessica Sutta"
4393,Santigold
1507,Crookers
12008,"Marc Almond"
12745,"King Krule"
680,"Tyler Hilton"
892,"Henry Rollins"
11462,"Jordan Smith"
12624,"George Thorogood"
1622,Gossip
11257,"Chris de Burgh"
10988,"Captain Sensible"
12566,"Alison Moyet"
10919,"Simon Webbe"
11530,"Giovanni Allevi"
10635,"Jamie T"
12072,"Chubby Checker"
1449,"Brooke Candy"
12174,"Howard Jones"
12706,"Jamie xx"
12328,GoldLink
11119,"Judy Collins"
1475,"Celtic Thunder"
1927,"Pedro Capo'"
12233,"Christina Sturmer"
1565,Emisunshine
4459,Thatpoppy
11414,"Pat Boone"
12351,"Mark Tremonti"
11908,"DJ BoBo"
12461,"Alfie Boe"
3359,"Pat Benatar"
1631,"Guy Gerber"
10560,"Julia Lindholm"
12181,"Steve Hackett"
11349,"Udo Lindenberg"
11167,"Samy Deluxe"
1472,"Casey Veggies"
12756,Amine
11490,"Gianluca Grignani"
9730,"Samantha Fox"
2506,"Alison Mosshart"
1422,"Billy Corgan"
10989,"Dave Vanian"
1381,"Angel Haze"
1678,"Jamie Lawson"
9846,"Sergio Pizzorno"
3292,"Miike Snow"
11035,"Mickie Krause"
2154,Wavves
12683,"David Crosby"
12107,"Betty Wright"
2687,"Chris Isaak"
2583,"Big Smo"
11256,"Brian Justin Crum"
11747,"Roland Kaiser"
1734,"Kacy Hill"
1532,"Declan Mckenna"
2033,"Stephen Stills"
10205,"Francis Rossi"
9892,"Jim Creeggan"
10468,"Lorraine McIntosh"
2661,"Cat Power"
1560,"El Debarge"
1391,"Ashley Monroe"
12218,"Goran Bregovic"
10570,"Shakey Graves"
10812,"Taylor Henderson"
10970,"Shooter Jennings"
11716,"Willi Herren"
12638,"Ani DiFranco"
9796,"Melody Thornton"
1538,Digitalism
2171,"Zero 7"
1640,"Heather Headley"
11784,"Eddie Money"
11662,"Saul Hernandez"
9010,"Gov'T Mule"
12786,"Jerry Lee Lewis"
1649,"Hot Creations"
11258,"Andrew Bird"
12267,"Kap G"
12574,Bebe
12705,"Marc Terenzi"
12806,"Pharoahe Monch"
11383,"Tom Chaplin"
11702,"Trey Anastasio"
1839,"Mat Kearney"
2152,Wallpaper
1842,"Matt Nathanson"
3318,"Naomi Judd"
1786,"Lee Foss"
12610,"Tony Hadley"
12697,"Ana Torroja"
10879,"Robin Trower"
1750,"Kevin Fowler"
11813,"Geezer Butler"
10350,"Izzy Bizu"
12153,Vicentico
12208,"La'Porsha Renae"
11531,"Nick Lowe"
11527,"Flavor Flav"
671,"Chris Rene"
10856,"Anoushka Shankar"
11868,"Giorgio Moroder"
1528,"Dead & Company"
2101,"The Tide"
9459,"Rachel Adedeji"
10629,"Harry Belafonte"
10744,"Eva Simons"
11862,"Randy Malcom Martinez"
3850,"Clinton Sparks"
11102,"Sully Erna"
12018,"Tanya Tucker"
12778,"Gary Numan"
11855,"Graham Nash"
1457,"Canaan Smith"
12779,"Neal Schon"
12833,"Lyle Lovett"
3812,"Caro Emerald"
12116,"Laura Marling"
11030,"Ryan Lawrie"
10767,"Jools Holland"
1974,"Rodrigo Y Gabriela"
10953,"Citizen Cope"
12514,"Philip Glass"
11454,Peaches
1446,"Brandon And Leah"
10685,"Suzanne Vega"
1607,"Gavin James"
12088,"Marty Stuart"
1984,"Ryan Bingham"
9744,"Darius Campbell"
11331,"Nick Mason"
1662,Iration
12393,"Paul Rodgers"
12076,"Mick Fleetwood"
11098,"Billy Sheehan"
11621,"Lucie Bila"
4128,"Keith Ape"
10640,"Charles Bradley"
1873,Mutemath
12115,"Sophia Wollersheim"
2009,"Shaun Frank"
1876,Nao
1877,"Natalie Maines"
1769,Kungs
12005,"Marti Pellow"
1598,"Forever In Your Mind"
11325,Patrice
1643,Herobust
3414,Raury
1508,Css
12086,"Miguel Poveda"
11690,"Jakob Dylan"
10084,"k.d. lang"
12090,"Robert Earl Keen"
10190,"Jessie Andrews"
1960,"Richy Ahmed"
1906,"Ollie Marland"
12684,"Shirley Bassey"
12254,"Marian Hill"
12199,"Trent Harmon"
12500,"Les Claypool"
10724,"Mark King"
1774,"Laura Jane Grace"
10470,"Jonny Lang"
21715,"Herizen Guardiola"
1476,"Celeste Buckingham"
11459,"Agnes Obel"
12552,"Devin Townsend"
11326,"Taylor Davis"
12015,"Alessandro Mannarino"
2160,"Will Downing"
1834,Matador
12716,"Susan Tedeschi"
9915,"Rat Boy"
925,"Johnny Flynn"
1730,"Jurassic 5"
11441,"Hakan Hellstrom"
11363,"Teddy Riley"
10585,"Richard Fairbrass"
9326,"Nate Ruess"
12709,"Lucy Rose"
12101,"John Ondrasik"
11087,"Todd Rundgren"
11060,"Bill Wyman"
2146,"Viktoria Modesta"
2034,"Stereo Kicks"
11095,"Mavis Staples"
12768,"John Oates"
1726,Journey
10411,"Siobhan Fahey"
1958,"Rhiannon Giddens"
11854,"Jose Gonzalez"
12342,"Jacquie Lee"
11917,"Arlo Guthrie"
11730,"Don Felder"
11901,"Conor Oberst"
1380,"Andrea Faustini"
12219,"Karen O"
12626,"Alphonso Williams"
2107,"Theophilus London"
12832,Nahko
1415,"Ben Rector"
11853,"Glenn Hughes"
1282,"Dr. Luke"
11748,"Bernhard Brink"
1454,Cabas
12235,"Anna-Maria Zimmermann"
2072,"The Green"
10752,"Ralph Saenz"
1485,Chickenfoot
11014,Orfeh
12289,"Gloria Gaynor"
11028,"Chesney Hawkes"
10088,"Marcia Hines"
12370,"Stefan Mross"
11442,"Dave Koz"
11904,"Richard Thompson"
10400,"Grant Nicholas"
12527,"Ricky Skaggs"
12504,"Lourdes Hernandez"
1871,Msmr
12204,"Olivia Lane"
1426,"Brandy Clark"
10902,"Alan Palomo"
12052,"Valerie June"
11151,"Dionne Bromfield"
12653,Dee-1
2141,"V. Bozeman"
10852,"Larry Carlton"
12361,"Robert Cray"
12702,"Ibrahim Maalouf"
2017,Sirah
11769,Sohn
1833,"Mary Lambert"
12757,"Rickie Lee Jones"
10490,"Raphael Gualazzi"
11724,"DJ Spooky"
11242,"Stefano Bollani"
1893,"Newton Faulkner"
10617,"Dougy Mandagi"
10618,"Twin Shadow"
3811,"Carissa Alvarado"
1690,"Jay James"
10461,"Petula Clark"
12538,"The Ann Wilson Thing"
1512,Dallask
1843,"Maty Noyes"
11566,"Kate Tempest"
1513,"Damian Lazarus"
11856,"Shawn Colvin"
1455,"Caked Up"
11091,"Vincent Dery"
12586,"Ian Brown"
1458,"Capital Kings"
9060,"Patrick Carney"
1807,Locash
12186,"Luka Sulic"
1698,"Jeremy Loops"
1976,Rumer
11785,"Lee DeWyze"
12848,"Allen Stone"
1646,Hollyn
9583,"Doyle Bramhall II"
12723,"Paul Heaton"
2508,"Allie X"
10815,"Anthony Callea"
1975,RÃœFÃœS
2818,"Engelbert Humperdinck"
2149,"Vittorio Grigolo"
1716,"John Martin"
2080,"The Madden Brothers"
1892,"New Politics"
11574,"Mary Chapin Carpenter"
1813,"Lucie Silvas"
12759,"Mike Gordon"
12736,"Luisa Sobral"
2065,"The Cool Kids"
11955,"Michele Zarrillo"
1896,"Nick Fradiani"
12561,"Gene Watson"
1878,"Natalie Merchant"
2098,"The Spice Girls"
12108,"Morris Day"
12032,"Giovanni Zarrella"
9771,"Dean Geyer"
1396,"Atlas Genius"
11037,"Patricia Kaas"
13835,Bia
11752,"Paul Beaubrun"
10038,"James McCartney"
11481,"Stanley Clarke"
10855,"Shaznay Lewis"
1820,"Mac Powell"
11903,Smudo
10643,"Emily Haines"
11845,"Rodney Crowell"
1547,"Donald Fagen"
10758,"Steve Howe"
10622,"Abbas Hamad"
1567,"Elijah Blake"
12855,"Porcelain Black"
2097,"The Sounds"
11989,"Norman Langen"
12739,"Shannon Noll"
10955,"Eddie Montgomery"
10606,"Glenn Gregory"
1613,"Gin Wigmore"
2132,"Tube & Berger Turbonegro"
11875,"Eric Hutchinson"
10523,"Zia McCabe"
1845,"Meghan Linsey"
1688,Jax
10394,"Ralph Peter Steitz"
10612,"Margaux Whitney"
392,"Rebecca Rosso"
10294,"Maria Sjoholm"
11982,"Jesse Johnson"
9068,"Leon Anderson"
1049,Earthquake
10525,"Peter Holmstrom"
12650,"Brunori Sas"
1756,"Kieran Alleyne"
2067,"The Cure"
298,"Barbara Mandrell"
12377,"Rick Wakeman"
10650,"Sarah Cracknell"
11811,"Andreya Triana"
3656,"Zella Day"
12262,"Chris Botti"
2055,"Taylor Bennett"
12376,"Devon Allman"
12750,"Big Kenny"
1160,"Taryn Southern"
1582,"Everything Everything"
9658,"Kimberly Nichole"
12584,"Jim James"
11141,"Ektor Rivera"
1471,"Casey James"
1811,"Lost Kings"
9951,"Shae Brock"
11549,"Susanna Hoffs"
1725,"Josh Wilson"
12798,"Seun Kuti"
12781,"Paul Young"
1447,"Brian Fallon"
2164,"Wynter Gordon"
2089,"The Pretenders"
12802,"Jonas Kaufmann"
12329,"Anna Lunoe"
11782,"Bruce Hornsby"
10091,"Paolo Carta"
12618,"JP Cooper"
12392,"Jon Stevens"
11373,"Julia Holter"
1491,"Circa Waves"
11443,"Jonathan Butler"
2938,"Jackie Lee"
1652,"Hot Water Music"
1648,"Hook N Sling"
1401,"Axis Of Awesome"
11423,"John Farnham"
1691,"Jay Lumen"
1651,"Hot Natured"
12394,"Roger Hodgson"
12820,Destructo
12548,"Charly Black"
11022,"Elena Tonra"
12203,"CeCe Peniston"
1628,"Greg Graffin"
9656,"Jason Zhang"
1493,"Clark Beckham"
11106,"Patti Austin"
2020,"Skylar Laine"
12540,"John Anderson"
12616,"Eve Ai"
11897,"Keller Williams"
12867,"Bodo Wartke"
1677,"James Tw"
10416,"Bela B."
1377,"Anabel Englund"
12244,"Samantha Fish"
2155,Wax
1527,"De La Tierra"
2022,Smallpools
1433,"Birds Of Tokyo"
2054,"Tauren Wells"
1444,Boogie
10641,"Caroline Polachek"
11673,"Mark Vincent"
1784,"Lee Burridge"
2144,"Vintage Trouble"
2005,"Shadow Child"
1767,"Kree Harrison"
12156,"Danko Jones"
10595,"Tish Hyman"
10858,"Bob Mould"
1870,"Mr. Belt & Wezol"
4467,Uffie
1700,"Jerry Douglas"
12821,"Stefanie Heinzmann"
1562,Elephante
2703,"Clare Dunn"
12656,"McCoy Tyner"
12652,"Johnny Clegg"
1276,"Damien Fahey"
1812,Luciano
12748,"Gil Ofarim"
2006,"Serge Devant"
11749,"Nik P."
3469,"Ruthie Collins"
1500,Conrad
2974,Jayceeoh
11088,"Gregg Bissonette"
1647,Hometown
4376,"Roy Wood"
12319,"Rolando Villazon"
1919,"Parson James"
10639,"Sivert Hoyem"
12785,"Silvia PÃ©rez Cruz"
1671,"Jack Ingram"
10151,"Justin Gaston"
2079,"The M Machine"
11541,Maeckes
2077,"The Living End"
1986,"Ryn Weaver"
4248,"Michael Alvarado"
2045,Subb-An
1588,Ferras
2143,Visionquest
12707,"RY X"
9757,KStewart
3412,"Randy Newman"
12787,"JT Hodges"
1684,"Janelle Arthur"
10675,"Sam McTrusty"
12187,"Avishai Cohen"
11544,"Paul Kelly"
1635,"Hannah Grace"
1738,"Katy Tiz"
405,"Kara DioGuardi"
1948,Rac
1720,"Johnny Flynn And The Sussex Wit"
1542,"DJ Sam Spiegel"
1659,"Infinity Ink"
21869,"Seth Rudetsky"
1777,"Lauren Aquilina"
12300,"Till Lindemann"
10626,"Jesse Boykins III"
10587,"Haley Georgia"
2091,"The Rubens"
1549,"Drew Holcomb & Neighbors"
10697,Blanca
1739,"Kc And The Sunshine Band"
12678,"Jamie Lidell"
1596,Florrie
10467,"Dweezil Zappa"
12503,"Daniel Wirtz"
1745,"Kele Okereke"
1617,"Glenn Morrison"
1529,"Dead Sara"
11826,"Stella Parton"
1903,"Nile Rodgers & Chic Oberhofer"
3316,"Mr. Bill"
10475,"Aubrie Lee Sellers"
3453,"Robert Delong"
2802,"Eden Xo"
11835,"Geoff Tate"
10346,"Andy Hopkins"
10861,"Sara Watkins"
12459,"Chris Willis"
10909,"Frankie Negron"
12293,"Richard Hawley"
10648,"Georg Ringsgwandl"
10857,"Claudia Brant"
1388,Arion
1430,"Billy Raffoul"
3618,"Tunde Adebimpe"
2930,"Jack Novack"
10645,"Lloyd Cole"
10406,"Roisin O'Reilly"
1947,"Queen Extravaganza"
1397,Autograf
1570,"Ellie Holcomb"
1586,Father
2010,"Shaun Reeves"
12737,"Kandace Springs"
9893,"Kevin Hearn"
1153,"Cassie Kelley"
1604,"G Jones"
11271,"Neneh Cherry"
1719,"John Tibbs"
10130,"Claudette Robinson"
10596,"Emily Wells"
1929,"Peter Furler"
10562,"Pino Gasparini"
1530,"Deap Vally"
10653,"Rainhard Fendrich"
1634,Hana
2012,"Shawn Mcdonald"
2159,"Whitney Duncan"
1821,"Magic Man"
1787,Lemaitre
1854,"Michael Menert"
11107,"Lizz Wright"
1968,"Rob Da Bank"
1943,"Prince Fox"
1901,"Nikki Williams"
2088,"The Preatures"
2063,"The Common Linnets"
11547,"Arthur H"
1572,"Emily King"
1553,"Dustin Tebbutt"
1862,Mim0Sa
3132,"Kristy Lee Cook"
1494,"Client Liaison"
10893,"Brian Ray"
1386,Apollo
2647,"Carnie Wilson"
1728,"Julia Cole"
2081,"The Mavericks"
2156,Wet
10395,"Mary Black"
1558,"Edens Edge"
1758,Kindness
11019,"Chris Miller"
2106,"Theo Katzman"
1760,"Kings Of Chaos"
2629,"Burt Bacharach"
10037,"Colton Swon"
10571,"Keith Wallen"
1645,"Holly Williams"
834,"Luke Christopher"
1599,"Francesca Lombardo"
10925,"Coleman Hell"
1486,"Chip Tha Ripper"
1478,"Charles Hamilton"
1375,"All Day I Dream"
2073,"The Henningsens"
1609,"Gavin Turek"
1589,Fightstar
1389,Aro
10598,"Chill Moody"
1395,Astr
9803,"Kellie Acreman"
1480,"Charlotte OC"
10513,"Brent DeBoer"
1564,"Emily West"
1825,"Marc Scibilia"
1932,"Phony Ppl"
1902,"Nikki Yanosfsky"
1456,"Cale Dodds"
1435,"Blake Mills"
1989,"Samm Henshaw"
1759,King
1554,"Eagles   Butterflies"
1983,"Ryan Crosson"
10632,"Matthew Caws"
2096,"The Shires"
10957,"Stephen Barker Liles"
10876,"Brandon Saller"
1587,Fenech-Soler
1545,"Doja Cat"
1636,"Hayden James"
1600,Frankie
2030,Starshell
2078,"The London Suede"
10860,"Carl Broemel"
2105,"The Wild Feathers"
1620,"Good Old War"
1403,"Bad Rabbits"
1765,Kraddy
1398,Augustines
1535,Device
2049,"T-Bone Burnett"
9464,"DJ Bobby French"
2046,Summercamp
1681,"Jamie N Commons"
1603,Galimatias
1703,"Jessie Baylin"
2138,"Tyler Bryant & The Shakedown"
1407,"Bass Drum Of Death"
11015,"Farah Alvin"
2140,"Urban Cone"
1805,"Lonely The Brave"
1980,"Russ Yallop"
1685,"Jarryd James"
2095,"The Secret Sisters"
2076,"The Last Internationale"
1650,"Hot Dub Time Machine"
1694,Jenaux
1806,Lo-Fang
2134,"Twin Forks"
1629,"Greg Holden"
1844,"Max Frost"
1673,Jahkoy
2129,"Trash Boat"
1371,"Ali Love"
1942,Prides
1831,"Marlon Williams"
4410,"Sean Nicholas Savage"
1578,"Erin Mccarley"
1979,"Russ Liquid"
1431,Binkbeats
4272,"Moxie Raia"
1757,"Kill Frenzy"
1819,Machineheart
1978,"Runaway June"
1552,"Dukes Of September"
2114,"Tim Montana"
1424,"Bobby Long"
1868,MO5AIC
1583,Exmag
1541,"Dj Falcon"
1993,"Sam Grow"
11933,"The Shrednecks"
1503,"Court Yard Hounds"
1642,"Henry Krinkle"
2122,"Tony Joe White"
2048,Supervision
4059,"Joanna Newsom"
2044,"Striking Matches"
1602,"Franz Ferdinand & Sparks"
1872,"Muddy Magnolias"
1754,"Kiah Victoria"
2123,Tora
1367,"Aaron Parker"
1911,Osunlade
1926,"Pbr Streetgang"
1434,"Black Boots"
1751,"Kenny Glasgow Jazz"
2064,"The Bots"
1561,Elderbrook
1451,"Bruno Major"
1850,"Michael Bernard Fitzgerald"
2757,"Della Reese"
1505,"Craig Strickland"
1916,"Panama Wedding"
1987,"Saints Of Valory"
1473,"Cassio Monroe"
1795,"Life Of Dillon"
1900,"Night Terrors Of 1927"
1615,Gladkill
1625,"Gracie Schram"
1612,"George Tandy Jr."
1661,"Io Echo"
1952,Raveneye
1995,Samestate
1390,"Ashley Clark"
1405,"Bad Things"
1781,"Le Galaxie"
1996,"Sammy Arriaga"
1914,"Pablo Nouvelle"
2082,"The Men That Will Not Be Blamed for Nothing"
1569,"Ellee Duke"
1920,"Paul Basic"
2083,"The Midway State"
1997,"Sara Haze"
1713,"John & Jacob"
4374,"Ruby Amanfu"
2158,"White Sea"
1953,Raphaella
1591,"Five Knives"
1923,"Paul Westerberg"
1982,"Ryan Laird"
9011,"The O'Jays"
1736,"Katlyn Nichol"
3945,"Frankie Valli & The Four Seasons"
2028,"Spanish Gold"
1793,Levon
2070,"The Eeries"
1672,"Jacob Davis"
1883,"Native Run"
10519,"Courtney Taylor-Taylor"
2157,White
3691,"Aj Brown"
11932,"Karen Laine"
2170,"Zac Samuel"
10563,"Pepe Lienhard"
866,"Ben Roy"
2011,Shaw-Blades
1630,Grimm
1365,3For3
1823,Mamadear
1674,"James Cherry"
1575,"Emmy Palmer"
1408,"Bb Diamond"
2490,"Alex Bailey"
1740,KDA
1519,"Dillon Carmichael"
2111,"This Is She"
1327,"Nicholas Brittell"
4608,"Linda Lavin"
1571,"Elliot Root"
1985,"Ryan Lafferty"
1875,N.A.S.A.
9009,"Bee'S Knees"
1866,Monogem
1954,"Raven Cliff"
1637,Headtron
1525,"Dave Gibson"
1869,"The Move"
2135,"Twin Limb"
1414,"Ben Negative"
1885,"New Desert Blues"
1752,Keta
1939,Postaal
2031,Starling
1432,"Bird Dog"
1416,"Beni Haze"
1141,"Ashley Turner"
1504,"Cousin Marnie"
1707,"Jim Caesar"
1973,"Robin Zander Band"
4606,"Telma Hopkins"
391,"Camilla Rosso"
1799,"Linda Ronstadt"
1206,"Mina Starsiak"
1234,"Trisha Ashworth"
2115,"Timmy Curran"
1894,"Nic Cowan"
1867,"Mont Oliver"
1991,Santana
1514,"Damien Ike"
1992,"Sanni M'Mairura"
1610,"Gentlemen Hall"
9125,"Matthew Bellamy"
11404,"K. Flay"
2491,"Alejandro Sanz Alesso"
9278,"Cheryl Cole"
9348,"Camilla Cabello"
10543,"Ron Wood"
1441,"Bon Jovi"
9765,"Puff Daddy"
11568,"Christina Sturmer"
4637,"Anika Noni Ros"
3172,"Lily Allen 1"
10986,"Jess Glynne"
3525,"Sir Cliff Richard"
2653,"Cee-Lo Green"
2467,2Chainz
1744,Kele
10631,"Michael Starr"
312,"Rene'e Fleming"
1732,"Justine Skye"
1804,"Lo Down Loretta Brown"
2037,"Steven C. Chapman"
1409,"Be Blamed For Nothing"
9322,"Mia Pia"
1908,"One Direction"
9206,"Melanie Brown"
3401,"R Kelly"
2139,Tyrese
9005,"Sean Diddy Combs"
11561,"DJ Questlove"
1709,"Joan Jett & The Blackhearts"
1857,"Mick Fleetwood Blues Band"
2057,Thalia
12637,"Mary J Blige"
2483,"Alanis Morisette"
11394,T-Boz
1128,"Chiquis Marin"
2059,"The Ann Wilson Thing"
11049,"St Vincent"
3661,"Estelle Fanta Swaray"
694,"Franki Valli"
4595,"Siedah Garret"
